order_id,food_id,status,stall
108,1,Pending,0
108,1,Pending,0
108,2,Pending,0
108,2,Pending,0
109,1,Pending,0
109,2,Pending,0
109,2,Pending,0
109,1,Pending,0
106,1,Processing,2
106,1,Processing,2
106,1,Processing,2
106,2,Processing,2
106,2,Processing,2
106,2,Processing,2
107,1,Processing,3
107,2,Processing,3
107,1,Processing,3
107,2,Processing,3
107,1,Processing,3
107,2,Processing,3
105,1,Completed,0
105,1,Completed,0
105,2,Completed,0
105,2,Completed,0
104,1,Completed,0
104,1,Completed,0
101,1,Completed,0
101,2,Completed,0
102,2,Completed,0
102,2,Completed,0
103,2,Completed,0
103,2,Completed,0
103,2,Completed,0
